Ticker,GOOG,GOOG,GOOG,GOOG,GOOG,GOOG,AAPL,AAPL,AAPL,AAPL,AAPL,AMZN,AMZN,AMZN,AMZN,AMZN,NFLX,NFLX,NFLX,NFLX,NFLX,META,META,META,META,META
Price,Open,High,Low,Close,Adj Close,Volume,Open,High,Low,Close,Volume,Open,High,Low,Close,Volume,Open,High,Low,Close,Volume,Open,High,Low,Close,Volume
Datetime,,,,,,,,,,,,,,,,,,,,,,,,,,
2026-08-24 09:30:00-04:00,,,,,,,311.4700012207031,313.19989013671875,309.9700012207031,312.94000244140625,6606461,259.7464904785156,263.0899963378906,259.04998779296875,261.4100036621094,8452007,79.94000244140625,80.38999938964844,79.02010345458984,80.30999755859375,4671581,550.2000122070312,554.2797241210938,546.2999877929688,551.8699951171875,2648132
2026-08-24 10:30:00-04:00,,,,,,,312.92999267578125,313.3299865722656,311.5299987792969,312.239990234375,4358724,261.42498779296875,262.8299865722656,261.239990234375,262.6600036621094,2893260,80.30000305175781,80.33000183105469,79.75,80.19000244140625,2047245,551.719970703125,556.5399780273438,549.6599731445312,556.0900268554688,1424914
2026-08-24 11:30:00-04:00,,,,,,,312.239990234375,312.3900146484375,311.3399963378906,311.9285888671875,1959853,262.6400146484375,263.32000732421875,262.1700134277344,262.7449951171875,2480057,80.18000030517578,80.30000305175781,80.0,80.2300033569336,1800284,556.1649780273438,557.5,554.719970703125,555.4591064453125,1305068
2026-08-24 12:30:00-04:00,,,,,,,311.9100036621094,313.3599853515625,311.8599853515625,312.1199035644531,2194290,262.760009765625,263.2900085449219,261.8429870605469,261.8999938964844,1894391,80.2300033569336,80.55999755859375,80.13999938964844,80.47000122070312,1656154,555.4149780273438,558.989990234375,554.7005004882812,557.719970703125,1268616
2026-08-24 13:30:00-04:00,,,,,,,312.1189880371094,312.3500061035156,311.5,311.739990234375,1968689,261.8900146484375,263.0400085449219,261.5,262.7900085449219,1795684,80.46990203857422,80.62000274658203,80.43000030517578,80.5199966430664,2140401,557.6699829101562,560.9000244140625,556.0,560.1849975585938,1272370
2026-08-24 14:30:00-04:00,,,,,,,311.7200012207031,311.8399963378906,310.7200012207031,311.25,2188744,262.8299865722656,263.0,261.6499938964844,262.07000732421875,1938931,80.52999877929688,80.54000091552734,80.19000244140625,80.33499908447266,1918119,560.25,560.9500122070312,558.7899780273438,559.6699829101562,1270180
2026-08-24 15:30:00-04:00,,,,,,,311.2300109863281,311.2799072265625,310.1719970703125,310.3500061035156,3344226,262.1000061035156,262.6099853515625,261.75,262.0303955078125,2448524,80.33999633789062,80.48989868164062,80.0,80.01000213623047,2886308,559.6950073242188,561.4199829101562,558.9901123046875,559.1400146484375,1795786
2026-08-25 09:30:00-04:00,,,,,,,310.93499755859375,313.5799865722656,309.6499938964844,310.0849914550781,5344241,262.6000061035156,263.87188720703125,260.2799987792969,260.9599914550781,5167079,79.6500015258789,81.62000274658203,79.4000015258789,81.56999969482422,5468211,563.75,568.6400146484375,562.2000122070312,563.0534057617188,2145703
2026-08-25 10:30:00-04:00,,,,,,,310.0799865722656,310.7900085449219,308.3900146484375,309.3100891113281,2926335,260.9599914550781,261.43499755859375,260.3399963378906,260.5400085449219,2377261,81.58000183105469,81.7249984741211,80.94000244140625,81.63500213623047,3472320,562.9400024414062,565.8699951171875,561.4000854492188,563.39501953125,980957
2026-08-25 11:30:00-04:00,,,,,,,309.30999755859375,310.19000244140625,309.2200012207031,309.9549865722656,1906951,260.54998779296875,261.30999755859375,260.2799987792969,260.8900146484375,1885383,81.63999938964844,82.18499755859375,81.58999633789062,82.16999816894531,3410440,563.384521484375,566.25,563.1199951171875,565.77001953125,814800
2026-08-25 12:30:00-04:00,,,,,,,309.95001220703125,310.1000061035156,309.5,309.6549987792969,1332591,260.8900146484375,261.3900146484375,260.1199951171875,260.239990234375,1404072,82.16999816894531,82.32499694824219,82.05000305175781,82.15989685058594,2398454,565.739990234375,567.5250244140625,564.0,565.3200073242188,697735
2026-08-25 13:30:00-04:00,,,,,,,309.6549987792969,310.3399963378906,308.6099853515625,309.5400085449219,2457846,260.25,262.07000732421875,259.8299865722656,260.1000061035156,2263692,82.1500015258789,82.2699966430664,80.01000213623047,81.95999908447266,3020618,565.3419189453125,565.9600219726562,559.02001953125,565.0336303710938,569113
2026-08-25 14:30:00-04:00,,,,,,,309.55499267578125,309.6099853515625,308.2099914550781,308.9700927734375,2209356,260.1050109863281,260.889892578125,259.8699951171875,260.1199951171875,1852999,81.95500183105469,82.31999969482422,81.83499908447266,82.20999908447266,2637867,565.2899169921875,566.8599853515625,564.7100219726562,566.3400268554688,839948
2026-08-25 15:30:00-04:00,,,,,,,308.9700927734375,310.29998779296875,308.6199951171875,309.8299865722656,2846819,260.1300048828125,261.3323974609375,260.1050109863281,260.9700012207031,2629684,82.19999694824219,82.45500183105469,82.10009765625,82.25499725341797,3798991,566.3848266601562,570.7999877929688,566.3800048828125,569.864990234375,1761170
2026-08-26 09:30:00-04:00,,,,,,,310.2449951171875,313.4198913574219,308.80010986328125,311.7950134277344,5614805,260.7200012207031,262.04998779296875,258.8800048828125,259.05999755859375,4298023,81.875,82.41999816894531,81.29499816894531,82.125,6633605,590.4375,593.27001953125,561.9450073242188,574.0924072265625,14246200
2026-08-26 10:30:00-04:00,,,,,,,311.7900085449219,313.45001220703125,311.6600036621094,312.5199890136719,3001620,259.05999755859375,261.1199951171875,258.7799987792969,260.1659851074219,2610670,82.12000274658203,82.19999694824219,81.58000183105469,81.81999969482422,2703734,574.0750122070312,588.760009765625,570.75,582.6199951171875,6178507
2026-08-26 11:30:00-04:00,,,,,,,312.5199890136719,313.94000244140625,312.17999267578125,313.2947082519531,2587551,260.17498779296875,260.2900085449219,258.3500061035156,258.5069885253906,2078967,81.81909942626953,81.83499908447266,81.44999694824219,81.51000213623047,1839336,582.5,582.8400268554688,574.27001953125,576.7550048828125,2785844
2026-08-26 12:30:00-04:00,,,,,,,313.30499267578125,313.4800109863281,312.5,313.1300048828125,1913849,258.4800109863281,259.3800048828125,258.239990234375,259.32000732421875,1721830,81.51000213623047,81.83499908447266,81.44999694824219,81.79019927978516,1710816,576.6849975585938,579.1599731445312,574.7719116210938,578.2947998046875,1499064
2026-08-26 13:30:00-04:00,,,,,,,313.1549987792969,313.25,312.65008544921875,313.0498962402344,1986950,259.3399963378906,259.3399963378906,258.45001220703125,258.80999755859375,1719773,81.78500366210938,81.95500183105469,81.7300033569336,81.8550033569336,1565494,578.3150024414062,579.0800170898438,576.4099731445312,577.8049926757812,1423819
2026-08-26 14:30:00-04:00,,,,,,,313.0299987792969,315.25,312.95001220703125,314.8446044921875,3850044,258.7950134277344,260.3699951171875,258.7799987792969,259.8299865722656,2174218,81.8550033569336,81.93499755859375,81.69999694824219,81.7249984741211,1575051,577.8049926757812,580.9235229492188,576.8099975585938,577.021728515625,1663921
2026-08-26 15:30:00-04:00,,,,,,,314.8599853515625,315.42999267578125,313.19000244140625,313.489990234375,4385320,259.8299865722656,260.75,259.7699890136719,260.2799987792969,2452465,81.7249984741211,81.87000274658203,81.31500244140625,81.45999908447266,2694421,577.0,578.6500244140625,575.8099975585938,576.1099853515625,1733188
2026-08-27 09:30:00-04:00,,,,,,,311.989990234375,312.10198974609375,309.40008544921875,310.7921142578125,7249330,259.2300109863281,259.6600036621094,255.5800018310547,257.125,8118298,81.06999969482422,81.1500015258789,79.29000091552734,79.7300033569336,6392145,576.47998046875,588.3900146484375,567.6199951171875,578.3400268554688,4776680
2026-08-27 10:30:00-04:00,,,,,,,310.79998779296875,315.1600036621094,310.6300048828125,314.6499938964844,3988636,257.125,257.5799865722656,256.3900146484375,256.4200134277344,4456327,79.72000122070312,79.94999694824219,79.30000305175781,79.69010162353516,4166768,578.3400268554688,578.739990234375,570.5,571.4849853515625,2322503
2026-08-27 11:30:00-04:00,,,,,,,314.6549987792969,315.07989501953125,314.110107421875,314.57000732421875,2807822,256.4200134277344,256.75,255.8699951171875,256.4599914550781,2549894,79.69000244140625,79.81999969482422,79.55000305175781,79.62000274658203,1655745,571.5,574.2991943359375,570.3099975585938,572.9508056640625,1124723
2026-08-27 12:30:00-04:00,,,,,,,314.56500244140625,315.3999938964844,314.25,315.2699890136719,1942935,256.4599914550781,256.7550048828125,255.44000244140625,255.89999389648438,4032337,79.62000274658203,79.875,79.46009826660156,79.8196029663086,1824709,572.8400268554688,572.9552001953125,569.719970703125,571.219970703125,1428391
2026-08-27 13:30:00-04:00,,,,,,,315.2799987792969,315.3399963378906,313.9934997558594,314.17999267578125,1676322,255.8800048828125,256.42999267578125,255.02000427246094,255.08999633789062,3870790,79.81510162353516,79.95500183105469,79.63999938964844,79.81009674072266,1539278,571.135009765625,571.8350830078125,568.0499877929688,569.1599731445312,971427
2026-08-27 14:30:00-04:00,,,,,,,314.20001220703125,314.5870056152344,313.44500732421875,313.57000732421875,1894784,255.09500122070312,256.0799865722656,255.09500122070312,255.74000549316406,2282711,79.81500244140625,80.05999755859375,79.69000244140625,79.99500274658203,2406114,569.1599731445312,570.7985229492188,568.7000122070312,569.4299926757812,872196
2026-08-27 15:30:00-04:00,,,,,,,313.5799865722656,315.0899963378906,313.3699951171875,314.57501220703125,3310734,255.72999572753906,257.0799865722656,255.72999572753906,256.2200012207031,3908787,79.98999786376953,80.19000244140625,79.80999755859375,79.83000183105469,3758118,569.4249877929688,572.1900024414062,568.72998046875,571.0700073242188,1283970
2026-08-28 09:30:00-04:00,,,,,,,317.0880126953125,318.1300048828125,315.4504089355469,316.7250061035156,6274224,258.32000732421875,261.8999938964844,257.7799987792969,260.8399963378906,7802734,80.33499908447266,81.43000030517578,79.94999694824219,81.34500122070312,4187074,571.9500122070312,584.1699829101562,571.0800170898438,577.010009765625,3706164
2026-08-28 10:30:00-04:00,,,,,,,316.7250061035156,322.0299987792969,316.5199890136719,321.94000244140625,7393135,260.9200134277344,267.25,260.6300048828125,266.8500061035156,11175169,81.34500122070312,82.35350036621094,81.32830047607422,82.18499755859375,3560036,577.2100219726562,589.1900024414062,574.3599853515625,584.6400146484375,3152942
2026-08-28 11:30:00-04:00,,,,,,,321.9549865722656,322.3699951171875,320.5350036621094,320.9700012207031,4403946,266.864990234375,267.55999755859375,264.7099914550781,265.8500061035156,6794291,82.19000244140625,82.2699966430664,81.58000183105469,81.68499755859375,2148724,584.75,585.2100219726562,573.3001098632812,575.1799926757812,1766691
2026-08-28 12:30:00-04:00,,,,,,,320.94500732421875,321.5199890136719,319.5801086425781,319.739990234375,2541939,265.8900146484375,266.3800048828125,264.3900146484375,265.260009765625,4954529,81.68000030517578,81.87930297851562,81.45999908447266,81.48989868164062,1393190,575.239990234375,576.8809204101562,574.35009765625,575.8400268554688,845993
2026-08-28 13:30:00-04:00,,,,,,,319.80999755859375,320.04998779296875,319.3699951171875,319.5400085449219,2007857,265.2200012207031,265.6300048828125,264.8100891113281,265.29998779296875,2629848,81.49009704589844,81.56999969482422,81.41000366210938,81.55000305175781,1269798,575.965576171875,577.2899780273438,574.2803955078125,574.5050048828125,1138269
2026-08-28 14:30:00-04:00,,,,,,,319.54998779296875,319.989990234375,319.04998779296875,319.5450134277344,3252611,265.3599853515625,266.0400085449219,264.7699890136719,266.0400085449219,3902119,81.55000305175781,81.80500030517578,81.51940155029297,81.80000305175781,1811667,574.5499877929688,577.7000122070312,573.8800048828125,577.3499755859375,1087817
2026-08-28 15:30:00-04:00,,,,,,,319.7825927734375,320.3299865722656,319.5,319.6400146484375,3423783,266.07501220703125,266.7300109863281,265.67999267578125,266.3800048828125,4331435,81.80000305175781,82.0198974609375,81.5999984741211,81.7300033569336,3120222,577.3499755859375,578.97998046875,575.4099731445312,578.02001953125,1714054
